{"cameraMode":{"drawMode":0,"name":"Shaded","section":"Shading Mode"},"sceneLighting":true,"audioPlay":false,"sceneViewState":{"m_AlwaysRefresh":false,"showFog":true,"showSkybox":true,"showFlares":true,"showImageEffects":true,"showParticleSystems":true,"showVisualEffectGraphs":true,"m_FxEnabled":true},"in2DMode":false,"pivot":{"x":436.86944580078127,"y":369.8465881347656,"z":64.03378295898438},"rotation":{"x":-0.1934548020362854,"y":-0.19314686954021455,"z":0.038851067423820499,"w":-0.9611773490905762},"size":182.00042724609376,"orthographic":false}